1,"ITZCOATL DRILLING & SERVICES, S.A. DE C.V.",AV. CASTILLA PTE.,5,,QUINTA EMILIA.,,MEXICO.,SONORA.,HERMOSILLO.,Ing. Rafael Gutierrez Medina. ,662 167 58 66,rafael@itzcoatldrilling.com,juan.monge@itzcoatldrilling.com, 01 662 302 43 07,01 662 216 41 77,D:\Practicante\Desktop\Imagenes Contratos\1_Logo.jpg,0
2,FERNANDEZ AGUIRRE MIGUEL ANGEL ,CALLE LOS PIRULES.,19,,FUENTES DEL MEZQUITAL.,,MEXICO.,SONORA.,HERMOSILLO.,Ing. Miguel Angél Fernández A.,662 138 99 05,mafernandeza@hotmail.com,, 01 662 212 26 54,,,0
3,PEREZ VEGA MIGUEL,CALLE DE LOS VOLCANES.,45,,AKIWIKI.,,MEXICO.,SONORA.,HERMOSILLO.,Ing. Miguel Perez.,618 136 8998,miguel.perezv56@gmail.com,,,,,0
4,"SOLUCIONES MINERAS DEL NOROESTE, S.A. DE C.V.",AV. SIETE,1,,SACRAMENTO RESIDENCIAL.,,MEXICO.,SONORA.,HERMOSILLO.,Ing. Omar Felix Savedra.,,fsomar64@hotmail.com,,01 662 210 23 62,,,0
5,"ENERGOLD DE MEXICO, S.A. DE C.V.","JAIME BALMES, TORRE D PISO 3",11,,LOS MORALES POLANCO.,11510,MEXICO.,CIUDAD DE MÉXICO,DEL. MIGUEL HIDALGO.,Ing. Jesús Herrera.,,info@energold.com  ,jherrera-mex@energold.com.mx,01 555 586 25 23 ,01 555 754 83 70,D:\Practicante\Desktop\Imagenes Contratos\5_Logo.jpg,0
6,"GLOBEXPLORE DRILLING, S.A. DE C.V",CALLE ENRIQUE MAZON RUBIO.,915,,LA VICTORIA.,,MEXICO.,SONORA.,HERMOSILLO.,Ing. Victor Manuel Diaz.,(622) 116 7500 ,vdiaz@globexploredrilling.com,jnavarro@globexploredrilling.com ,662 215 32 67,,D:\Practicante\Desktop\Imagenes Contratos\6_Logo.jpg,0
7,"TORO DRILLING, S.A. DE C.V.",AV. DE LOS TARAUMARAS,11,,PARQUE INDUSTRIAL.,,MEXICO.,SONORA.,HERMOSILLO.,Ing. David Elias Brown.,,david.elias@toro-drilling.com,,01 662 251 06 83,01 662 251 06 84,D:\Practicante\Desktop\Imagenes Contratos\7_Logo.jpg,0
8,"SOLUCIONES DE SOLDADURA Y APLICACIONES, S.A. DE C.V.",PERIFERICO NORTE KM 31.,2105,,LA ANGOSTURA.,,MEXICO.,SAN LUIS POTOSÍ.,S.L.P.,Andreas Jungbluth.,"
444 1885658
",info@andreselsoldador.com,aux.administrativo@andreselsoldador.com,52 (444) 8413839,,D:\Practicante\Desktop\Imagenes Contratos\8_Logo.jpg,0
9,"TECH ENERGY & GROUNDING MX, S.A. DE C.V.",CALLE AGRICULTURA.,560,,BUROCRATA.,,MEXICO.,SAN LUIS POTOSÍ.,S.L.P.,Ing. Javier Zamudio Esquivel.,444 582 37 64,javier.zamudio@teg-sa.com.mx,luz.verastegui@teg-sa.com.mx,01 444 817 00 30,,D:\Practicante\Desktop\Imagenes Contratos\9_Logo.jpg,0
10,"INDUSTRIAL DE CARBON SIGNUM, S.A.P.I. DE C.V.",CARR. ROSITA MUZQUIZ KM 9.7,,,,,MEXICO.,COAHUILA,SAN JUAN DE SABINAS.,Rogelio J.Montemayor.,,rmontemayor@signum.net,contacto@signum.net,01 861 103 25 69,,D:\Practicante\Desktop\Imagenes Contratos\10_Logo.jpg,0
11,COMINVI S.A. DE C.V.,"BLVD. PASEO DE LOS INSURGENTE, PISO 7",3356,,CUMBRES DEL CAMPESTRE.,,MEXICO.,GUANAJUATO,LEÓN,Lic. Jorge A. Rivera Gómez.,,jorge.rivera@cominvi.com,jmalba@cominvi.com,01 447 104 95 66 EXT. 119,,D:\Practicante\Desktop\Imagenes Contratos\11_Logo.jpg,0
12,GRUPO MINERO DUMAS MEXICO SA DE CV,CARRETERA FEDERAL 45.,15999,,NO ESPECIFICADA.,,MEXICO.,CHIHUAHUA.,CHI.,Ing. Adrian Ibarra.,52 614 414 5504,aibarra@dumasmining.com,cfimbres@dumasmining.com,T +52 614 414 5504  ,F +52 614 414 5504,D:\Practicante\Desktop\Imagenes Contratos\12_Logo.jpg,0
13,"TRES GENERACIONES DE MINERIA, S.A.P.I DE C.V.",SENDERO DE LA GRANADA. ,2,,MILENIO III.,,MEXICO.,QUERETARO.,QRO.,Ing. Oscar Roberto Beltran Gastelum.,,obeltran@tgmineria.com,sbeltran@tgmineria.com,4421982244,4421612858,,0
14,"MINSTEON, S.A. DE C.V.",CALLE SIERRA PEDERNALES. ,10400,,SIERRA AZUL.,,MEXICO.,CHIHUAHUA.,CHI.,Ing. Sergio Armando Corral.,6141763897,minsteon@gmail.com,sergio.corral@minsteon.com ,6142971500,,D:\Practicante\Desktop\Imagenes Contratos\14_Logo.jpg,0
15,"CONSTRUCTORA MINERA VM, S.A. DE C.V.",CALLE BUROCRATAS.,118,,BUROCRATAS.,,MEXICO.,GUANAJUATO,IRAPUATO.,Ing. Alejandro Villagómez.,473 690 44 16,alejandro.villagomez@xinaconsa.mx,janoxvigu@hotmail.com,,,,0
16,"PROACON MEXICO, S.A. DE C.V.",CALLE RIO MISSISSIPPI.,49,,CUAUHTEMOC.,,MEXICO.,CDMX.,DEL. CUAUHTEMOC.,Alfonso Maria de Ligorio Gutierrez Duarte.,558 055 86 31,alfonso.gutierrez@grupoaldesa.com.mx,josecarlos.arevalo@grupoaldesa.com.mx,555 533 04 80 EXT. 373,55 45 54 6374,D:\Practicante\Desktop\Imagenes Contratos\16_Logo.jpg,0
17,"CONSTRUCCION MINERA DE GUANAJUATO, S.A. DE C.V.",CALLE ARTURO PRECIADO.,37B,,CUPULAS I.,,MEXICO.,GUANAJUATO,GTO.,Ing. Hecto Mena.,,joelmtz07@hotmail.com,cmgguanajuato@hotmail.com,01 473 129 00 06,,,0
18,"TECMIN SERVICIOS, S.A. DE C.V. ",AV. PLATEROS.,104,,NO ESPECIFICADA.,,MEXICO.,ZACATECAS.,FRESNILLO.,Ing. Daniel Nofrietta.,(614) 178 8658,tecmin@prodigy.net.mx,marcos.loya@tecmin.com.mx,493 935 8000,(614) 541 7337,,0
19,"G4 DRILING MEXICO, S.A. DE C.V.",PRIV. YUKON.,13,,LAS LOMAS.,,MEXICO.,SONORA.,HERMOSILLO.,Ing. Levis Aube.,662 344 06 83,laube@g4drilling.com,rdaigle@g4drilling.com,01 662 251 06 27,,,0
20,"GAMHERSA DE MEXICO, S.A. DE C.V.",CALLE JUAN GUTEMBERG NTE.,961,,CENTRO.,,MEXICO.,COAHUILA.,TORREON.,Ing. Jesus Rodrigo Gamez.,045 871 21 70,enriquegamez@gamhersa.com,gamhersa@hotmail.com,01 871 717 19 36,01 871 713 42 97 ,,0
21,HERNANDEZ RAMIREZ SAMUEL ,CALLE DESTILADO.,141,,LOS AGAVES.,,MEXICO.,COAHUILA.,TORREON.,Ing. Samuel Hernandez Martinez.,871 513 83 83 ,sl.shermar@hotmail.com,,871 159 00 96,871 455 90 32,,0
22,GAMEZ RODRIGUEZ ELVIRA,AV. PONCIANO ARRIAGA. ,832,,BUENOS AIRES.,,MEXICO.,SAN LUIS POTOSÍ.,S.L.P.,Ing. Pedro Rosales.,444 261 52 03,rpedro62@outlook.com ,r_pedro62@yahoo.com.mx ,,,,0
23,DAGAV CONSTRUCCIONES Y SERVICIOS ELECTRICOS S.A. DE C.V.,CALLE 69A.,7202,,AEROPUERTO.,,MEXICO.,CHIHUAHUA.,CHI.,Guadalupe Vicente Dorado Saenz.,627 1 12 22 28,vicentedorado1@hotmail.com ,dgarciavillalobos123@hotmail.com ,645-109-18-92,,,0
24,"TECNICA DIELECTRICA DE CHIHUAHUA, S.A. DE C.V.",CALLE TEOFILO BORUNDA.,2711,,SANTO NIÑO.,31320,MEXICO.,CHIHUAHUA.,CHI.,Luis Angel Algara Lorenzana.,,chihuahua@tecnicadielectrica.com.mx ,juarez@tecnicadielectrica.com.mx ,669 985 20 00,669 981 12 00,,0
25,"INGENIO RX SERVICIOS E INGENIERIA, S. DE R.L. DE C.V.",CALLE MIGUEL SERVET.,1301,,LOS OLMOS NORTE JUAREZ.,32310,MEXICO.,CHIHUAHUA.,CIUDAD JUAREZ.,Ing. Pedro Martínez Aldaz.,(493) 157 3696,pedro.martinez@ingeniorx.com,jorge.rosales@control-ok.net,915.225.5977 El Paso Tx.,656.289.2956 Juarez MX.,,0
26,"POTOSINA DE PROYECTOS ELECTRICOS, S.A. DE C.V.   ",BALTAZAR ECHAVE ONORIO.,199-A,,RICARDO B. ANAYA. ,,MEXICO.,SAN LUIS POTOSÍ.,S.L.P.,Ing. Marcelino G. Mata Morales,,proyelsa@yahoo.com.mx,proyelsa01@yahoo.com.mx,(01-444) 163-00-00,,D:\Practicante\Desktop\Imagenes Contratos\26_Logo.jpg,0
27,"GUTIERREZ ALCANTARA INGENIEROS CONSTRUCTORES, S.A. DE C.V.",MANUEL GUTIERREZ NAJERA.,148,,LA ANGOSTURA.,78117,MEXICO.,SAN LUIS POTOSÍ.,S.L.P.,Jose Eugenio Gutierrez Vazquez.,,gaicsa@hotmail.com,eugken00@hotmail.com,01 444 823 79 37,01 444 823 09 63,D:\Practicante\Desktop\Imagenes Contratos\27_Logo.jpg,0
28,"DELTA AUTOMATIZACIONES, S.A. DE C.V.",CALLE JOSE MARIA YAÑEZ.,104,,COL. SAN BENITO.,,MEXICO.,SONORA.,HERMOSILLO.,Alex Alberto Dorado.,,alex.dorado@iipsa.com,natanael.flores@promatico.com,01 662 251 03 21,01 662 191 08 86,D:\Practicante\Desktop\Imagenes Contratos\28_Logo.jpg,0
29,"E&P MINING, S.A. DE C.V.",BLVD NAVARRETE.,217,,VILLA SATELITE.,,MEXICO.,SONORA.,HERMOSILLO.,Ing. Sergio Zozaya Búrquez.,662 317 93 53,szozaya@ep-mining.com,lpegueros@ep-mining.com,01 662 301 85 32,,D:\Practicante\Desktop\Imagenes Contratos\29_Logo.jpg,0
30,"SINCI GDL, S. DE R.L. DE C.V.",CALLE JAIME NUNO.,471,,VILLASEÑOR.,,MEXICO.,JALISCO.,GDL.,Salvador Navarro.,,snavarro@sinci.com,ventas_gdl@sinci.com,01 333 615 36 18, 01 333 615 64 95,D:\Practicante\Desktop\Imagenes Contratos\30_Logo.jpg,0
31,"GEOFISICA TMC, S.A. DE C.V. ",CALLE HAMM.,40,,PALOS PRIETOS.,,MEXICO.,SINALOA.,MAZATLAN.,Gabriel Mc Crory.,418 572-7204 ,gabriel@geotmc.com,humberto@hacontadores.mx,01 669 112 04 03,,,0
32,GEOPROSPECT. S.A. DE C.V.,CARRETERA A LA CONCHA.,S/N,,SAN FELIPE.,67714,MEXICO.,NUEVO LEON.,LINARES.,Ing. Juan Daniel Marin Solis.,045 821 119 20 26,danielms01@prodigy.net.mx,,821 214 59 56,,D:\Practicante\Desktop\Imagenes Contratos\32_Logo.jpg,0
33,"FINDORE, S.A. DE C.V. ",CALLE RIO GRIJALVA.,175,,BELLAS LOMAS.,,MEXICO.,SAN LUIS POTOSÍ.,S.L.P.,Ing. Carlos Cham.,044 (444) 165 8026,carloschamdo@hotmail.com,,01 444 841 08 18,,,0
34,INGENIERIA E INSPECCION PND SA DE CV,CALLE 1RA CDA. MACLOVIO HERRERA MZ.,1 LT.19,,SANTIAGO ZAPOTITLAN.,,MEXICO.,CDMX.,TLAHUAC.,Orlando Jimenez Guzman.,,orlando.jimenez@kontroll.mx,ventas@kontroll.mx,01 552 608 73 71,,D:\Practicante\Desktop\Imagenes Contratos\34_Logo.jpg,0
35,"KNIGHT PIESOLD, LTD",PENDER ST  ,W 1400 - 750,,,,CANADA.,"VANCOUVER, BC",,Lori Sennett.,direct: +1 705 476 2165 ext 312 ,lsennett@knightpiesold.com ,,1 705 476 2165 ,,D:\Practicante\Desktop\Imagenes Contratos\35_Logo.jpg,0
36,"CASINO CLUB DE LEONES, S.EN C.POR A.",PARQUE J H SCHEZ,,,BUROCRATA ESTADO.,,MEXICO.,SAN LUIS POTOSÍ.,S.L.P.,Manuel Escobedo Montalvo.,,casinoclubdeleones@hotmail.com,,444 813 06 06,,,0
37,"SERVICIOS Y DESARROLLOS DE FRESNILLO, S.A. DE C.V.",PRIV. LOPEZ MATEOS.,401,,MARAVILLAS.,,MEXICO.,ZACATECAS.,FRESNILLO.,Ing. Amado Cortés Medina.,493 103 0952,mayolo_007@hotmail.com,contabilidad.sdf@hotmail.com,493 93 3 52 65,,D:\Practicante\Desktop\Imagenes Contratos\37_Logo.jpg,0
38,"GEODRILL, S.A. DE C.V.",CARR. SN. JUAN DEL RIO-TEQUISQUIAPAN.,,,,,MEXICO.,QUERETARO.,SAN JUAN DEL RIO.,Leticia botello.,427 133 0266,leticia.botello@crubher.com,,427 274 93 03,427 274 9425,D:\Practicante\Desktop\Imagenes Contratos\38_Logo.jpg,0
39,"SERVICIOS DE CONSULTORIA Y VERIFICACION AMBIENTAL, S.A. DE C.V.",CALLE RAMON NOVARO.,65,,JORGE NEGRETE.,,MEXICO.,CDMX.,GUSTAVO A. MADERO.,Eduardo Quintero Bautista.,553 136 65 05,eduardo.quintero@secovam.com,,555 389 05 82,,D:\Practicante\Desktop\Imagenes Contratos\39_Logo.jpg,0
40,"ECCO SERVICIOS DE PERSONAL, S.A. DE C.V.",CALLE MONTECITO PISO 10.,38,,NAPOLES,,MEXICO.,CDMX.,BENITO JUAREZ.,Tania Elena Guerrero Lomelí (contacto S.L.P.),(444) 251 4916,tania.guerrero@adecco.com ,atencionaclientes@adecco.com ,(444) 824 5472 Ext. 116,,D:\Practicante\Desktop\Imagenes Contratos\40_Logo.jpg,0
41,"LABOR MX, S.C.",BLVD. ASIS. ,101,,LOMA VERDE.,,MEXICO.,GUANAJUATO,LEON.,Ing. Dámaris Malagón Robles.,477 255 1793,damarism@Labormx.com,gerencia.mty@labormx.com ,(477)  763 1156 ext. [106],,D:\Practicante\Desktop\Imagenes Contratos\41_Logo.jpg,0
42,"AHQ SERVICIOS DE PERSONAL, S.C.",AV. DR. SALVADOR NAVA MARTINEZ. ,575,,JARDIN.,,MEXICO.,SAN LUIS POTOSÍ.,S.L.P.,Lic. Leopoldo Gerardo Segura Murayama.,045 444 179 96 14,dnnegocios@ahq.com.mx ,ahq_monica@prodigy.net.mx ,01 444 811 21 72,TEL. 01 444 817 89 13,D:\Practicante\Desktop\Imagenes Contratos\42_Logo.jpg,0
43,"SECONSA DIVISIÓN OUTSOURCING, S.A. DE C.V. ",AV. LAZARO CARDENAS. ,2470,,VILLAS DE SAN AGUSTIN.,,MEXICO.,NUEVO LEON.,SAN PEDRO GARZA.,Victor Manuel Lopez Ramos,8110-449717,victor.lopez@sdo.com.mx ,ramiro.villarreal@seguridadconfiable.com ,01 (861) 612 68 68,01 811 522 50 40,D:\Practicante\Desktop\Imagenes Contratos\43_Logo.jpg,0
44,"STAFFING PEOPLE, S.A. DE C.V.",BLVD. ZARAGOZA. ,413,, MANUEL VALDEZ.,,MEXICO.,CHIHUAHUA.,JUAREZ.,Ing. Francisco J. González R.,(656) 191 4648,francisco@staffing-people.com,michel@staffing-people.com,(656)  3 78 00 55.,(656)  1 42 65 95.,D:\Practicante\Desktop\Imagenes Contratos\44_Logo.jpg,0
45,"ADIT ATOMO, S.A. DE C.V.",AV. SAN FERNANDO. ,502,,TLALPAN CENTRO,,MEXICO.,CDMX.,TLALPAN.,Lic. Sonia Fuentes Corona.,,sonia.fuentes@adsourcing.com.mx,christian.alexander@adsourcing.com.mx,01 555 254 96 40 ext. 1117,01 555 254 96 40 ext. 1127,D:\Practicante\Desktop\Imagenes Contratos\45_Logo.jpg,0
46,EXCELENCIA CONSULTORES EN RECURSOS HUMANOS S.A. DE C.V.,CALLE LITOSFERA. ,1,,EL TESORO,,MEXICO.,CDMX.,TULTITLAN.,Vicente Ortiz.,,ortiz@excelencia.com.mx,alopez@bhrewmx.com.mx ,01 555 262 18 80,01 555 447 74 00,D:\Practicante\Desktop\Imagenes Contratos\46_Logo.jpg,0
47,"SOLUCIONES INTEGRALES PARA EL RECURSO HUMANO, S. DE R.L DE C.V. (GT SERVICES)",PERIFERICO NORTE  LOCAL B-2,638-A,,EL CHOYAL. ,83130,MEXICO.,SONORA.,HERMOSILLO.,Victor Manuel Dominguez Maytorena.,662 4 27 99 11,victor_dominguez@gtservice.mx,arturo_gomez@gtservice.mx,(662) 216 1139 ,01 686 568 05 07,D:\Practicante\Desktop\Imagenes Contratos\47_Logo.jpg,0
48,"GLOBAL GOG GROUP, S.A. DE C.V.",CALLE SANTA ROSALIA. ,113,,DEL VALLE,,MEXICO.,CDMX.,BENITO JUAREZ.,Lic. Magdalena Roldan.,,mroldan@gog.com.mx,info@gog.com.mx,01 555 559 11 61 EXT. 106,,,0
49,"MANAGEMENT DEVELOPING CENTER, S.A. DE C.V.",CALLE PEDRO AMPUDIA. ,22,,CHAPULTEPEC NORTE,,MEXICO.,MICHOACAN.,MORELIA.,Myrna Cejudo Orozco.,4 42 45 83 56 ,myrna.cejudo@mdcempleos.com,arturo.guadarrama@grupomdc.com,55 52 14 32 71,44 41 29 20 00,D:\Practicante\Desktop\Imagenes Contratos\49_Logo.jpg,0
50,"SERVICIOS Y MANTENIMIENTO BEARNAUD, S.A. DE C.V. ",CALLE FUENTES DEL PUERTO.,125,,BALCONES DEL VALLE.,,MEXICO.,SAN LUIS POTOSÍ.,S.L.P.,Emmanuel Bear Sandoval.,044 (444) 141 87 91,emmanuel_bear@hotmail.com,,01 (444) 815 78 24,01 444 820 11 90,,0
51,"INGENIERIA Y ESTUDIOS AMBIENTALES, S.A.DE C.V. ",CAMINO A EXHACIENDA MENCHACA.,285,,,,MEXICO.,QUERETARO.,QRO.,Q.F.B. Irma Retana Caballero., 442 359 24 52,inesa1@prodigy.net.mx,iretana@inesa.com.mx,(442) 213 03 12,(442) 223 58 78,D:\Practicante\Desktop\Imagenes Contratos\51_Logo.jpg,0
52,"MICROECOL, S.A. DE C.V.",VIADUCTO PIEDAD PISO 2,230,,MAGDALENA MIXHUCA.,,MEXICO.,CDMX.,VENUSTRIANO CARRANZA.,Ing. Adriana Velazquez.,553 773 00 29,la.velazquez@microanalisis.com,ingenierodeproyecto_me@microanalisis.com,555 768 77 44 EXT. 1001,,D:\Practicante\Desktop\Imagenes Contratos\52_Logo.jpg,0
53,"KIMPEN, S.A. DE C.V. ",CALLE 21.,381,,MELCHOR OCAMPO II.,,MEXICO.,YUCATAN.,MERIDA. ,Ing. Oscar Constantino Salazar.,,capetillo@bepensa.com ,osalazar@bepensa.com,444 824 50 68 EXT. 7424,,D:\Practicante\Desktop\Imagenes Contratos\53_Logo.jpg,0
54,EHS LABS DE MEXICO S.A. DE C.V.,CALLE MATAMOROS PTE.,1441,,MARIA LUISA.,,MEXICO.,NUEVO LEON.,MONTERREY.,Ma. Elena Blanco Olvera. ,,adm@ehslabs.com,johanal@ehslabs.com,(81) 80476480 ,,D:\Practicante\Desktop\Imagenes Contratos\54_Logo.jpg,0
55,"MAQUINADOS Y SERVICIOS CICLOPE, S.A. DE C.V. ",XICOTENCATL. ,1591,,SAN JUAN DE GUADALUPE,,MEXICO.,SAN LUIS POTOSÍ.,S.L.P.,Ing. Adán Cervantes Hernandez.,4448490902, mscsa35@yahoo.com.mx,ventas@ciclopeslp.com,(444) 811-53-89,,D:\Practicante\Desktop\Imagenes Contratos\55_Logo.jpg,0
56,CERVANTES HERNANDEZ MARTIN DE JESUS ,AV. HIMNO NACIONAL. ,4670,,HIMNO NACIONAL.,,MEXICO.,SAN LUIS POTOSÍ.,S.L.P.,Ing. Martin De Jesus Cervantes Hernandez.,045 (444) 127 87 28,martin_cervantes97@hotmail.com,,01 (444) 216 40 32,,,0
57,RAMIREZ REYNA ERIC ,CALLE ECUESTRE VISTA REAL. ,122,,,,MEXICO.,SAN LUIS POTOSÍ.,S.L.P.,Eric Ramirez Reyna., 444-3-29-51-61,ericramirezreyna@gmail.com,,,,,0
58,"CLIMACAR CLIMAS Y ACCESORIOS CARVAJAL, S.A. DE C.V.",PROL. CALZ. GUADALUPE.,900,,TEPEYAC.,,MEXICO.,SAN LUIS POTOSÍ.,S.L.P.,Griselda Martínez.,,operacion.tiendas@climacar.com.mx,ventas2@climacar.com.mx,01 (444) 7993296,,,0
59,"GRUPO RAPICE, S.A. DE C.V.",AV. INDUSTRIAS. ,3850,,FRACC. ESPAÑOL.,,MEXICO.,SAN LUIS POTOSÍ.,S.L.P.,Ing. Miguel Angel Torres.,(42) 30-85-40,miguel.torres.proclima@hotmail.com,climas.slp@gmail.com, 112-15-03 , 01 (444) 1121503,,0
60,"HIGHT QUALITY PRODUCTS AND SERVICES, S.A. DE C.V.",ABUNDIO GOMEZ.,7,,GRANJAS VALLE DE GDLP.,,MEXICO.,CDMX.,ECATEPEC DE MORELOS.,Orlando Navarrete.,,orlando.navarrete@hqps.com.mx,lherrera@hqps.com.mx,01 555 830 42 02 ,01 555 830 26 44,,0
61,"CAMPOS HERNANDEZ CONTRATISTAS MINEROS, S.A. DE C.V.",CALLE A LA BLOQUERA.,83,,,,MEXICO.,GUANAJUATO,GTO.,Eduardo Hernandez.,473 11710 75,ch.planeacion@gmail.com,fdo.campos.lr@gmail.com,01 473 689 00 12, 473 114 43 04 ,D:\Practicante\Desktop\Imagenes Contratos\61_Logo.jpg,0
62,"LASEC TELECOMUNICACIONES, S.A.P.I. DE C.V.",1ª PRIVADA SANTA ROSA.,7,,FRACC. LOMAS DEL CONVENTO.,,MEXICO.,ZACATECAS.,GUADALUPE.,Deici Zapata Raudales. ,,deici_zapata@lasec.com.mx,ariana_martinez@lasec.com.mx,(01-492) 92 41070,01 492 922 41 34,D:\Practicante\Desktop\Imagenes Contratos\62_Logo.jpg,0
63,BENAVENTE LEIJA JAVIER,PASEO DEL SEMILLERO.,135,,LOS SILOS,,MEXICO.,SAN LUIS POTOSÍ.,S.L.P.,Ing. Javier Benavente Leija .,,jbenaventeleija@hotmail.com,,01 444 830 48 27,,,0
65,"ALS CHEMEX DE MEXICO, S.A. DE C.V. ",BLVD. IGNACIO SALAZAR ,688,, VIÑEDOS.,,MEXICO.,SONORA. ,HERMOSILLO.,Milka P. Galindo.,,Milka.Galindo@alsglobal.com,steve.armstrong@alsglobal.com,T +1 662 2184403,01 662 218 44 87,D:\Practicante\Desktop\Imagenes Contratos\65_Logo.jpg,0
66,"GEOQUIMICA DE MEXICO, S.A.",AV. DE LAS INDUSTRIAS. ,7303-2,,NOMBRE DE DIOS.,,MEXICO.,CHIHUAHUA.,CHI.,Victor Manuel Gomez Fregoso.,,geoquimicademexico@prodigy.net.mx,,01 614 417 24 40,01 614 417 00 44,,0
67,"SGS DE MEXICO, S.A. DE C.V.",ANTIMONIO.,121,,CIUDAD INDUSTRIAL.,,MEXICO.,DURANGO.,DGO.,Julio César Bretón Quiroz.,753 128 93 81, julio.breton@sgs.com,jazmin.reyes@sgs.com,618 814 09 32 ext. 1917,618 8140932 Ext 1920,,0
68,"SONORA SAMPLE PREPARATIONS, S.A. DE C.V. ",,,,,,,,,LAE Martha Karina Torres León.,,ssamprep@prodigy.net.mx,,,,,0
69,"CONSTRUCTORA NOJIMA, S.A. DE C.V.",RÍO OCORONI.,212,,FRACC. BRISAS DEL MAR.,82010,MEXICO.,SINALOA.,MAZATLAN.,Ing. Juan Rodríguez Morales.,,nojimasa@prodigy.net.mx,,01 669 981 16 45,01 669 982 02 86,,0
70,"CONSTRUCCIONES FUERTE MAYO, S.A. DE C.V.",CALLE BENJAMIN HILL PTE. ,1002,, SKALLY.,,MEXICO.,SINALOA.,AHOME.,Arq. Raul Ruiz Guerrero. ,6681  12 63 31,fuerte_mayo@hotmail.com,GERENCIA_FUERTEMAYO@OUTLOOK.ES,668 812 88 86,,,0
71,"ACTLABS MEXICO, S.A. DE C.V.",CANTERA.,3200,,CONJUNTO INDUSTRIAL DE LA PLATA,,MEXICO.,ZACATECAS.,GUADALUPE.,Jesús Salazar.,,JesusSalazar@Actlabs.com,SoniaAlcala@Actlabs.com,52+492-998-10-91,52+492-998-10-92,,0
72,ESPARZA FLORES CESAR HUMBERTO,AV. PASEO DE LOS INSURGENTES.,304,,JARDINES DEL MORAL.,,MEXICO.,GUANAJUATO.,LEON.,Ing. César Humberto Esparza.,,cesaresjr@hotmail.com,lulu_pop01@hotmail.com,(433) 93 5 11 17 , 433 935 11 21  ,D:\Practicante\Desktop\Imagenes Contratos\72_Logo.jpg,0
73,CONTRERAS FIGUEROA FERNANDO ADOLFO,CALLE MONTE AMARILLO.,4122,, QUINTAS CAROLINAS.,,MEXICO.,CHIHUAHUA.,CHI.,Fernando Adolfo Contreras Figueroa.,614 247 61 28,ferconfi@hotmail.com,,01 614 411 75 95,,,0
74,CARREON GARCIA OLGA LYDIA,VENUSTIANO CARRANZA.,109,,CENTRO.,,MEXICO.,SAN LUIS POTOSI.,CHARCAS.,Olga Lydia Carreon.,486 104 26 00,carreolga28@outlook.com,lagrilla.net@hotmail.com,01 486 852 01 04,,,0
75,RIVERA BRAVO JOVITA ,CALLE FUSIÓN.,1313,,PARQUE DE FUNDIDORES.,,MEXICO.,SAN LUIS POTOSI.,S.L.P.,C.P. Sonia Cruz Ruiz.,,sonia.cruz@maesaslp.com,jovita.rivera@maesaslp.com,(444) 166-76-20 Ext. 103,01 444 815 33 55,,0
76,DESARROLLOS ROD S.A. DE C.V.,BLVD. FRANCISCO VILLA.,10104,,CIUDAD INDUSTRIAL.,,MEXICO.,DURANGO.,DGO.,Ing. Monica Carrillo Salazar.,,mcarrillo@rod.com.mx,asoto@rod.com.mx,01 618 814 12 12 EXT. 113,,D:\Practicante\Desktop\Imagenes Contratos\76_Logo.jpg,0
77,OCHOA TOVAR GABRIEL,CALLE LAS ARBOLEDAS. ,257,,VIÑEDOS.,,MEXICO.,DURANGO.,DGO.,Gabriel Ochoa Tovar.,045 331 828 23 01 ,concreto.lanzado.ochoa@gmail.com,otg_2462@hotmail.com, 01 331 302 91 17,,,0
78,"MANTENIMIENTO E INSTALACIONES MINERAS, S.C. ",CALLE UNIVERSIDAD DE SINALOA. ,9708,,RESIDENCIAL UNIVERSIDAD.,,MEXICO.,CHIHUAHUA.,CHI.,Ignacio Becerril Villalon.,(614) 111 6379,ignaciobecerril@meim.com.mx,noelbecerril@meim.com.mx, 614 498 98 31,,D:\Practicante\Desktop\Imagenes Contratos\78_Logo.jpg,0
79,"ADRA INGENIERIA, S.A. DE C.V.",CALLE MONTE NEGRO. ,102,,LOS PARAISOS.,,MEXICO.,GUANAJUATO.,LEON.,Ing. Raul Bracamontes Jimenez.,477 577 01 77,cotizaciones@adra.com.mx,raulb@adra.com.mx ,477 212 28 58,477 212 27 97 ,D:\Practicante\Desktop\Imagenes Contratos\79_Logo.jpg,0
80,"MINERA MEXGEO, S.A DE C.V. ",BOULEVARD INDEPENDENCIA ORTE. PTA BAJA C. ,2120,,LA ESTRELLA,,MEXICO.,COAHUILA.,TORREON.,Lic. Fernando A. Olavide.,045 871 727 71 55,folavide@mex-geo.com,licitaciones@mex-geo.com,52 (871) 747 9188,,D:\Practicante\Desktop\Imagenes Contratos\80_Logo.jpg,0
81,"TUNELES Y OBRAS MINERAS, S.A. DE C.V.",AV. PROLONGACION TECNOLOGICO., 950-B,,SAN PABLO.,,MEXICO.,QUERETARO.,QRO.,L.A.E. Daniel Rueda Hernández.,442-146-10-01,ruedaram@prodigy.net.mx,ruedaram@outlook.com, 442- 218-65-11    , 442-218-97-21     ,D:\Practicante\Desktop\Imagenes Contratos\81_Logo.jpg,0
82,PALACIOS RAMIREZ TANNYA VANESSA,CALLE MINERA MEXICO.,115,,MORALES.,,MEXICO.,SAN LUIS POTOSI.,S.L.P.,Tannya Vanessa Palacios Ramirez.,444 326 79 45,tannya_2509@hotmail.com,,444 811 48 47,,,0
83,"SERVICIOS AUXILIARES DEL CENTRO, S.A. DE C.V. ",CALLE NINO ARTILLERO. ,240-A 2,,VIVEROS.,,MEXICO.,SAN LUIS POTOSI.,S.L.P.,Ing. Arturo Gonzalez Romero.,444 293 36 06,ventas2@sacsaclean.com,gerencia@sacsaclean.com,01 444 811 70 90,01 444 128 49 99,D:\Practicante\Desktop\Imagenes Contratos\83_Logo.jpg,0
84,PALACIOS AGUINAGA JOSE ALVARO ,CALLE MINERA MEXICO.,115,,MORALES.,,MEXICO.,SAN LUIS POTOSI.,S.L.P.,Jose Alvaro Palacios Aguinaga., 444 261 88 21,jalvaradop@yahoo.com,,01 444 811 48 47,,,0
85,"CORPORATIVO DE SERVICIOS EN CONSTRUCCION, S. DE R.L. DE C.V.",CAMINO A SAN RAFAEL.,6005,,VENADILLO,,MEXICO.,SINALOA.,MAZATLAN.,Ing. Zeferino Jimenez Hernandez.,492-153-21-53,jorge.armas@grupoarhe.mx,zeferino.jimenez@coseco.mx,669 112 11 79,,D:\Practicante\Desktop\Imagenes Contratos\85_Logo.jpg,0
86,UNIVERSIDAD AUTONOMA DE SAN LUIS POTOSI - (LAB. DE MATERIALES DE CONSTRUCCION),CALLE ALVARO OBREGON.,64,,CENTRO.,,MEXICO.,SAN LUIS POTOSI.,S.L.P.,Ing. Mario Betancourt.,444 849 07 65,mario.betancourt@uaslp.mx,laboratoriolam4c@gmail.com,444 826 23 00 EXT. 6049,,,0
87,QUEZADA RODRIGUEZ JAVIER ONAZIS ,CALLE CERRO DEL OBISPO.,132,,MARIA CECILIA.,,MEXICO.,SAN LUIS POTOSI.,S.L.P.,Javier Onazis Quezada Rodriguez.,,quezada.mantenimiento@gmail.com,,444 425 86 83,444 823 20 85,,0
88,CENTENO CARDENAS CARMEN,AV V CARRANZA. ,1406,,CALDERA CAP.,,MEXICO.,SAN LUIS POTOSI.,S.L.P.,Q.F.B. Carmen Centeno Cardenas.,,labcenteno@hotmail.com,,(444) 813-4052,(444) 825-5529,,0
89,"SERVICIOS MECANICOS INDUSTRIAL DE PARRAL, S. DE R.L. C.V.",FRESNITO.,12,,SAN URIEL.,,MEXICO.,CHIHUAHUA.,HIDALGO DEL PARRAL.,Ing. Hector Gabriel Melendez Cuellar.,,hectormelendez2@hotmail.com,angel.pilo@serviciosmecanicosdeparral.com.mx,01 627 111 38 23,01 627 123 93 83,,0
90,"MANTENIMIENTO Y DISTRIBUCION DE MAQUINARIA, S. DE R.L. DE C.V.",CALLE ARROYO DEL ARANJUEZ.,7,,PASEOS DEL ALMANCEÑA.,,MEXICO.,CHIHUAHUA.,HIDALGO DEL PARRAL.,Lic. Martin Jaime Muñoz Chávez.,01 627 106 44 78,martin_munoz@madimsa.com,eduardo_medrano@madimsa.com,627 522 02 93,,D:\Practicante\Desktop\Imagenes Contratos\90_Logo.jpg,0
91,"CENTRO DE CALIDAD AMBIENTAL, S.C.",CALLE RIO MAYO. ,2704,, JUNTA DE LOS RIOS.,,MEXICO.,CHIHUAHUA.,CHI.,Ing. Margarita Aguilar.,,maguilar@ccambiental.com,morozco@ccambiental.com,614 424 43 65,,D:\Practicante\Desktop\Imagenes Contratos\91_Logo.jpg,0
92,"MH ELECTRICIDAD E INGENIERIA, S.A. DE C.V. ",CALLE TRAVERTINO.,208,,LAS PIEDRAS.,,MEXICO.,SAN LUIS POTOSI.,S.L.P.,T.M.E. Julio Mendez Martinez. ,044 444 416 57 88,mheisa.electricidad@gmail.com,,01 [444] 811 13 61,01 444 811 06 92,D:\Practicante\Desktop\Imagenes Contratos\92_Logo.jpg,0
93,PEREZ CERVANTES ROBERTO,GUADALUPE VAZQUEZ.,300,,PROF. GRACIANO SANCHEZ 2 SECC.,,MEXICO.,SAN LUIS POTOSI.,S.L.P.,Roberto Perez Cervantes .,444 113-91-83,perez.1974@live.com.mx,,8-42-66-85 ,,,0
94,NEGRETE MORENO JUANA ,PRIV. HIDALGO., S/N,,PARDO.,,MEXICO.,SAN LUIS POTOSI.,VILLA DE REYES.,Juan Martin Maya Maya.,44 41 48 9560,afisco44@yahoo.com.mx,inst.juananegrete@gmail.com,444 123 25 33,,,0
95,"RO-K, S.A. DE C.V.",AV. SOLIDARIDAD LAS TORRES., 2737 A,,EL SEMINARIO.,,MEXICO.,CDMX.,TOLUCA.,Tania Garcia.,,recepcion_99@hotmail.com,corazon9@prodigy.net.mx,(492) 923 59 59,,D:\Practicante\Desktop\Imagenes Contratos\95_Logo.jpg,0
96,"ACE DURAFLO DE MEXICO, S.A. DE C.V.",CALLE 10 DE MAYO.,175,,CENTRO.,,MEXICO.,NUEVO LEON.,STA. CATARINA.,Julian Garza.,811 212 43 17,jgarza@flowtuberias.com,agallegos@flowtuberias.com,818 388 11 00,811 281 17 25,D:\Practicante\Desktop\Imagenes Contratos\96_Logo.jpg,0
97,"EISS ENTERPRISE INTEGRAL SECURITY ADVISORS, S.A. DE C.V.",AV. UNIVERSIDAD., 1821 D,,BARRIO OXTOPULCO UNIVERSIDAD.,,MEXICO.,CDMX.,COYOACAN.,Alejandro Sánchez García., 556 805 90 78,asanchez@securityadvisors.com.mx,, 555 661 01 12,,D:\Practicante\Desktop\Imagenes Contratos\97_Logo.jpg,0
98,"DIVISION ESTRATEGIA INTEGRAL, S.A. DE C.V. ",PRIVADA COCOYOC CALLE 4.,115,,FRACC. PRIVADAS DE LA HACIENDA.,,MEXICO.,SAN LUIS POTOSI.,SOLEDAD DE GRACIANO S.,Jesus guadalupe pantoja montiel.,,d.estrategiaintegralslp@gmail.com,,(444) 1-12-33-51,01 (444) 266 76 62,D:\Practicante\Desktop\Imagenes Contratos\98_Logo.jpg,0
99,CORPORATIVO GAVRIL S.A. DE C.V. ,CALLE AMATISTA.,538,,ESMERALDA.,,MEXICO.,SAN LUIS POTOSI.,S.L.P.,Ana Teresa Mendez Ramirez.,,gavril.seguridad@hotmail.com,corporativogavril@hotmail.com,(444) 211 93 27,,D:\Practicante\Desktop\Imagenes Contratos\99_Logo.jpg,0
100,"VARNOST, S.A. DE C.V.",CALLE ARENISCA.,621,,TECNOLOGICO.,,MEXICO.,SAN LUIS POTOSI.,S.L.P.,Jose Cesar Baudelio Cardenas Salas.,044 444 235 29 14,gerencia_varnost@outlook.com,,(444) 811-70-99,,D:\Practicante\Desktop\Imagenes Contratos\100_Logo.jpg,0
101,"SEGURIDAD CONFIABLE, S.A. DE C.V.",ZARAGOZA PTE.,301,,CENTRO.,,MEXICO.,COAHUILA.,SABINAS.,Ramiro Villareal Gomez.,8110-449717,victor.lopez@sdo.com.mx,ramiro.villarreal@seguridadconfiable.com,01 (861) 612 68 68,01 811 522 50 40,D:\Practicante\Desktop\Imagenes Contratos\101_Logo.jpg,0
102,"RED RECOLECTOR, S.A. DE C.V.",PERIFERICO ORIENTE KM 18-4. ,S/N,,FRACC. RIVER.,,MEXICO.,SAN LUIS POTOSI.,S.L.P.,Gloria Guzman Monroy.,444 216 24 96,gloria.guzman@redambiental.com,ventas@redambiental.com,444 151 03 82 AL 85,151-03-82 al 85 Ext. 4004,D:\Practicante\Desktop\Imagenes Contratos\102_Logo.jpg,0
103,"GEN INDUSTRIAL, S.A. DE C.V.",EJE 118. ,100,,ZONA INDUSTRIAL.,,MEXICO.,SAN LUIS POTOSI.,S.L.P.,Juan Javier Vargas Estevez.,444 171 26 17,jjvargas@pasa.mx,jrescorza@pasa.mx,444 82457 76 EXT 108,,D:\Practicante\Desktop\Imagenes Contratos\103_Logo.jpg,0
104,"RESIDUOS MEXICANOS, S.A. DE C.V.",CORDILLERA ARAKAN. ,645,,LOMAS 4a. SECC.,,MEXICO.,SAN LUIS POTOSI.,S.L.P.,Osiris Aaron Silos.,044 444 204 32 18,ventas2@grupoverden.com,gerenciaventas@grupoverden.com,444 825 52 63,444 825 62 19,D:\Practicante\Desktop\Imagenes Contratos\104_Logo.jpg,0
105,JULIO CESAR RENTERIA RODRIGUEZ,RETORNO 1.,208,,FOVISSSTE.,,MEXICO.,CHIHUAHUA.,HIDALGO DEL PARRAL.,Julio Cesar Renteria Rodriguez.,627 112 94 26,jcrr82@live.com.mx,, 627 523 05 34,,,0
106,"JC OPERADORA COMERCIAL, S.A. DE C.V.",AV. INDUSTRIAS. ,422,,ESMERALDA.,,MEXICO.,SAN LUIS POTOSI.,S.L.P.,Rosa María Escareño C.,,roma.escareno@jco.mx,info@jco.mx,(444)810 5050 Ext. 107,(444) 816 49 52,D:\Practicante\Desktop\Imagenes Contratos\106_Logo.jpg,0
107,ECOSERVICIOS DEL NORTE S.A. DE C.V.,MANANTIAL.,1494,,FUENTES DEL VALLE.,,MEXICO.,CHIHUAHUA.,CD. JUAREZ.,,,,,,,,0
108,"CENTRO DE ESTUDIOS, SERVICIOS Y CONSULTORIAS AMBIENTALES, S.A. DE C.V.",ANAHUAC.,625,,TEQUISQUIAPAN.,78210,MEXICO.,SAN LUIS POTOSI.,S.L.P.,Dr. Marcos G. Monroy Fernandez.,4441650972,marcos.monroy@cescaambiental.com,marcosmonroyf@gmail.com,01 444 841 1749,01 444 841 17 59,,0
109,"CORPORATIVO COMEXSA, S.A. DE C.V.",XOLA.,1558,,NARVARTE PONIENTE.,,MEXICO.,CDMX.,CDMX.,Francisco Enrique Garcia Ruiz.,56380873 Ext.102,FRANCISCOGARCIA@COMEXSA.COM.MX,ventas1@comexsa.com.mx,555 638 08 73 EXT. 102,,,0
110,"NOVA CONSULTORES AMBIENTALES, S.A. DE C.V.",JOSE MARIA OLLOQUI.,107 - 602,,DEL VALLE SUR. ,3100,MEXICO.,CDMX.,CDMX.,Fís. Francisco Novelo Burbante.,,novaconsultores@prodigy.net.mx,,555 595 36 41,,D:\Practicante\Desktop\Imagenes Contratos\110_Logo.jpg,0
111,SERVICIO GEOLOGICO MEXICANO,BLVD. FELIPE ANGELES KM 93.5-4.,,,VENTA PRIETA.,,MEXICO.,HIDALGO.,PACHUCA.,Ing. Jose Efrain Salas Hernandez.,,efrainsalas@sgm.gob.mx,,771 711 42 66 EXT. 1256,,D:\Practicante\Desktop\Imagenes Contratos\111_Logo.jpg,0
112,BUCHANAN BERUMEN ALDO ,HEROICO COLEGIO MILITAR.,203,,CENTRO.,,MEXICO.,ZACATECAS.,FRESNILLO.,Ing. Aldo Buchanan Berumen.,493 101 76 28,incama@prodigy.net.mx,,(493) 93 3 32 52,,D:\Practicante\Desktop\Imagenes Contratos\112_Logo.jpg,0
113,"VILLEGAS VERIFICADORES, S.C.",AV. HIMNO NACIONAL. ,4570,,HIMNO NACIONAL.,,MEXICO.,SAN LUIS POTOSI.,S.L.P.,Ing. Armando Villegas Perez.,,avp@villegasverificadores.com,svm@villegasverificadores.com,(444) 815-32-53,01 444 839 02 48,D:\Practicante\Desktop\Imagenes Contratos\113_Logo.jpg,0
114,"GUTIERREZ ALCANTARA INGENIEROS CONSTRUCTORES, S.A. DE C.V.",PANFILO NATERA.,799,,LA ANGOSTURA.,,MEXICO.,SAN LUIS POTOSI.,S.L.P.,Ing. Eugenio Gutiérrez.,486 106 36 67,gaicsa@hotmail.com,eugken00@hotmail.com,01 444 823 79 37 ,01 444 408 32 88,,0
115,"VERIELEC, S.A. DE C.V.",JOAQUIN PARDAVE.,345,,JARDINES DEL ESTADIO.,,MEXICO.,SAN LUIS POTOSI.,S.L.P.,Humberto Emilio Gonzalez.,,betogo22@prodigy.net.mx,verielec@gmail.com,01 444 818 47 83,,,0
116,"CHRISTUS MUGUERZA DEL PARQUE, S.A. DE C.V.",CALLE DR. PEDRO LEAL.,1802,,CENTRO.,,MEXICO.,CHIHUAHUA.,CHI.,Norma Judith Loera Montoya .,,judithloera@christus.mx,elisa.guerrero@christus.mx,(614) 439-79-79  Ext.1059,,,0
117,"CLINICA DEL CENTRO, S.A. DE C.V.",CALLE OJINAGA. ,816,,CENTRO.,,MEXICO.,CHIHUAHUA.,CHI.,Ivan Hernandez Legarreta.,,info@clinicadelcentro.com,relacionespublicas@clinicadelcentro.com,01 614 439 81 00,01 614 439 81 00  EXT. 81 69,,0
118,HERNANDEZ CARRANZA MARIA ,CALLE ARGENTINA. ,131,,SAN FRANCISCO.,,MEXICO.,SAN LUIS POTOSI.,SOLEDAD DE GRACIANO S.,Roberto Lugo V., 044-44-42-39-17-38,sopayel1@hotmail.com,, 444 817 97 10,,,0
119,LOPEZ JUREGUI FRANCISCO,CALLE VILLERIAS. ,239,,SAUCITO.,,MEXICO.,SAN LUIS POTOSI.,S.L.P.,Francisco Lopez Juregui ., 444 351-89-52  ,flwelding@yahoo.com,,444 477 90 43,,,0
120,"CONSTRUCTORA PUEGO, S.A. DE C.V.",AV. AMPLIACION.,180,,ZONA INDUSTRIAL.,,MEXICO.,SAN LUIS POTOSI.,S.L.P.,Arq. Karla K. Puente.,444 165 19 63,ventas@prodecomx.com,karla.puente@prodecomx.com,444 825 43 30 / 40,,D:\Practicante\Desktop\Imagenes Contratos\120_Logo.jpg,0
121,"MICROMED, S.A. DE C.V.",CALLE GRAL. SOSTENES ROCHA.,28,,MAGDALENA MIXUCA.,,MEXICO.,CDMX.,CDMX.,Dra. Dolores Vargas Lopez.,,micromed@microanalisis.com,facturacion_mm@microanalisis.com, 01 555 768 77 44 EXT. 4000,,D:\Practicante\Desktop\Imagenes Contratos\121_Logo.jpg,0
122,"NALCO DE MEXICO, S. DE R.L. DE C.V.",AV.SANTA FE. P.6,440,,SANTAFE.,,MEXICO.,CDMX.,CDMX.,Ing. Carlos de Jesús Martínez Camarillo.,444 118 6126 ,cmartinez@nalco.com,fgarcia@nalco.com,444 817 0780 ,,D:\Practicante\Desktop\Imagenes Contratos\122_Logo.jpg,0
123,"CHEMTREAT MEXICO, S. DE R.L. DE C.V.",AV. XOLA.  P.7,535,,DEL VALLE.,,MEXICO.,CDMX.,CDMX.,Ing. Dayan Castillo., (444) 184 4652,dayanc@chemtreat.com,manuelv@chemtreat.com,01(444) 441744821, 01 (55) 11070850     ,,0
124,"TRATAMIENTO DE AGUA SYPYSA, S.A. DE C.V.",CALZADA CIRCUNVALACION PONIENTE. ,231,,CIUDAD GRANJA.,,MEXICO.,JALISCO.,ZAPOPAN.,Ing. Juan Carlos Lemus.,,sypysaslp@sypysa.com.mx,administracionslp@sypysa.com.mx,444 824 02 33,444 824 25 17,D:\Practicante\Desktop\Imagenes Contratos\124_Logo.jpg,0
125,"ANALISIS QUIMICOS DEL CENTRO, S.A. DE C.V.",AV. DE TRABAJO. ,315,,BUROCRATA.,,MEXICO.,SAN LUIS POTOSI.,S.L.P.,María Elena del Río.,,aqcelena@hotmail.com,,01 448 833 83 23,,,0
126,GALVAN GALVAN RODOLFO,VICTOR ROSALES. ,327,,TEQUISQUIAPAN.,,MEXICO.,SAN LUIS POTOSI.,S.L.P.,Rodolfo Galvan Galvan.,,rgalvan3@prodigy.net.mx,,01-444-8173219,01 444 811 10 82,D:\Practicante\Desktop\Imagenes Contratos\126_Logo.jpg,0
127,RODAMSAT INFORMATICA Y TELECOMUN ICACIONES S.A. DE C.V.,AVE.HIMNO NACIONAL.,3705-A,,JARDINES DEL ESTADIO.,,MEXICO.,SAN LUIS POTOSI.,S.L.P.,Ing. Juan Carlos Romero.,"Nex 72*819049*1, Tel. 444 197 3006",jromero@rodamsat.com.mx,info@rodam.com.mx,01 444 820 60 58,TEL. 444 197 30 06,,0
128,CONSULTORIA INTEGRAL EN SISTEMAS Y TELECOMUNICACIONES S.A. DE C.V.,ORQUIDEAS.,150,,FRACC. BUGAMBILIAS,,MEXICO.,SAN LUIS POTOSI.,SOLEDAD DE GRACIANO S.,Ing. Elizabeth María Inés Ruiz.,,elizabethruiz@cistel.com.mx,jesusgutierrez@cistel.com.mx,444 812 92 32 EXT. 108,44 812 32 63,D:\Practicante\Desktop\Imagenes Contratos\128_Logo.jpg,0
129,"DATATEL TRANSPORTADOR DE INFORMACION, S.A. DE C.V. ",LERDO DE TEJADA. ,3710,, LAS GRANJAS.,,MEXICO.,CHIHUAHUA.,CHI.,,,rgarcia@datatel.com.mx,,(614) 414-2402,,,0
130,GUTIERREZ DOMINGUEZ CESAR HORACIO,BARTOLOME DE MEDINA. , 54- A,,CENTRO.,,MEXICO.,CHIHUAHUA.,HIDALGO DEL PARRAL.,Cesar Horacio Gutierrez Dominguez.,,radcomparral@hotmail.com,,01 627 523 00 33,,,0
131,HERNANDEZ URIBE ANGELICA ,SECCION 20.,21,,INFONAVIT MINERO.,,MEXICO.,CHIHUAHUA.,HIDALGO DEL PARRAL.,Jose Guadalupe Aguirre.,627 114 14 90,conangelikhu_@hotmail.com,selena_aguirre@hotmail.com,627 523 15 97,,,0
132,"FRANRA, S.A DE C.V.",CATEDRATICOS. ,146,,HIMNO NACIONAL.,,MEXICO.,SAN LUIS POTOSI.,S.L.P.,Francisco Arzola.,,arzola4907@prodigy.net.mx ,claudia7212@prodigy.net.mx,01 (627) 108 96 99,,,0
133,CASTILLO ONTIVEROS JOSE LUIS ,INDEPENDENCIA. ,350,,CENTRO.,,MEXICO.,CHIHUAHUA.,HIDALGO DEL PARRAL.,Jose Luis Castillo Ontiveros.,,castilloarquitectorespaldo@hotmail.com,,01 (627) 523 18 03,01 (627) 523 02 11,,0
134,HOLGUIN MANUEL,16 DE SEPTIEMBRE. ,34,,CENTRO.,,MEXICO.,CHIHUAHUA.,SANTA BARBARA.,Manuel Holguin.,,k.api60@hotmail.com,,01 627 113 01 63,,,0
135,"CAMINOS Y CONSTRUCCIONES GANTI, S.A. DE C.V.",NARDO ,114,,JARDINES DEL SANTUARIO.,,MEXICO.,CHIHUAHUA.,MEOQUI.,M.I. Cesar Arturo Garcia Garcia.,(614) 278-1675,cgarcia@ganti.com.mx,aantillon@ganti.com.mx,. (614) 63.3421,614 239 92 63,D:\Practicante\Desktop\Imagenes Contratos\135_Logo.jpg,0
136,"GEOSOLS GEOTECNIA Y CONTROL DE CALIDAD, S.A. DE C.V.",CALLE DEL TORDO.,,,ARBOLEDAS.,,MEXICO.,CHIHUAHUA.,CHI.,M.I. José Carlos Montero De Anda.,,geosols.ingenieria@gmail.com,,01 614 277 17 88,01 614 255 51 71,D:\Practicante\Desktop\Imagenes Contratos\136_Logo.jpg,0
137,FERRO CAMARENA JUAN CARLOS,CALLE 11,,,VILLA JUAREZ.,,MEXICO.,CHIHUAHUA.,CHI.,Juan Carlos Ferro Camarena.,614 223 16 69,lesachihuahua@hotmail.com,lesachihuahua29@hotmail.com,614 307 03 88,,D:\Practicante\Desktop\Imagenes Contratos\137_Logo.jpg,0
138,"CORPORACION AMBIENTAL DE MEXICO,S.A. DE C.V.","PATRICIO SANZ NO.TORRE 2, PISO 6.",1609,,DEL VALLE SUR. ,,MEXICO.,CDMX.,DEL. BENITO JUAREZ.,Ing. Alexis Lòpez Navarro.,52 1 (55) 49244366,alopez@cam-mx.com,cesar.urbina@cam-mx.com,52 (55) 5538 0727 ,"01 (55) 5538 4693, ext. 1306",D:\Practicante\Desktop\Imagenes Contratos\138_Logo.jpg,0
139,"CORPORATIVO DE PROTECCION SEGURIDAD PRIVADA Y SERVICIOS ESPECIALIZADOS, S.A. DE C.V.",PRIV. DE REVILLA. ,4607-B,,CUARTELES,,MEXICO.,CHIHUAHUA.,CHI.,LIC. LIZETH ADRIANA CAZARES CARBAJAL.,614 142 05 70,ventas@coprose.com.mx,,614 411 29 29,614 411-73-76,D:\Practicante\Desktop\Imagenes Contratos\139_Logo.jpg,0
140,GUERRERO RANGEL ALEJANDRO FABIAN,CALLE 20 DE NOVIEMBRE.,16,,CENTRO.,,MEXICO.,SAN LUIS POTOSI.,S.L.P.,Alejandro Fabian Guerrero Rangel.,,fabiangro76@hotmail.com,,01 (486) 852 02 21 ,,,0
141,"GUAMARES TRANSPORTES, S.A. DE C. V.",CALLE 20 DE ENERO.,70,,SN. ANTONIO,,MEXICO.,GUANAJUATO.,SN. MIGUEL DE ALLENDE.,Guadalupe Gomez.,,guadalupe.gomez@guamares.com,,01 415 103 51 83,,,0
142,"TRANSPORTES ESPECIALIZADOS JUSA,S.A. DE C.V.",2A. PRIVADA DE LA CANDELARIA. ,21,,CENTRO.,,MEXICO.,ZACATECAS.,ZACATECAS.,Adriana Tagle Mercado.,,cobranza@jusa.com.mx,transportadora@jusa.com.mx,01 433 935 00 64, 01(433) 935 09 30,,0
143,"JARO CONTRATISTAS, S.A. DE C.V",GRAL. ROCHA. ,135-2,,MODERNA.,,MEXICO.,SAN LUIS POTOSI.,S.L.P.,Verónica Pérez Gárate   .,,jarocontratistas@yahoo.com.mx,,444. 8.33.75.61  ,444  8.33.64.92,D:\Practicante\Desktop\Imagenes Contratos\143_Logo.jpg,0
144,"KYPCON INGENIEROS CIVILES, S.A DE C.V.",AGUSTIN VERA. ,335,, TEQUISQUIAPAN.,,MEXICO.,SAN LUIS POTOSI.,S.L.P.,Alma Isela Hernandez Martinez.,,presupuestos@kypcon.com,riverocat@hotmail.com,01 444 128 39 09,01 444 130 95 61,D:\Practicante\Desktop\Imagenes Contratos\144_Logo.jpg,0
145,"MAPEIM, S.A. DE C.V.",CARR.FED.57 SAN LUIS-MEXICO.,82,,ARROYOS.,,MEXICO.,SAN LUIS POTOSI.,S.L.P.,Vicente Avila.,444 379 49 54,ventas@mapeim.com,,01 444 799 74 12,,D:\Practicante\Desktop\Imagenes Contratos\145_Logo.jpg,0
146,CLAUDIA DEL RIO SALAZAR,PONCIANO ARRIAGA. ,3260,,RIVAS GUILLEN.,,MEXICO.,SAN LUIS POTOSI.,SOLEDAD DE GRACIANO S.,Claudia Del rio Salazar.,444 856 33 36,cdelrios@gmail.com,,444 822 10 15,,,0
147,"LYA QUALITAT, S.A. DE C.V.",CALLE EULER.,152,,CHAPULTEPEC MORALES.,,MEXICO.,CDMX.,MIGUEL HIDALGO.,Ing. Mónica Llanas Quezada.,Nextel 4331-5545,ventas@dsiqualitat.com,ingenieria@dsiqualitat.com,(01) 55 1553 2842,,,0
148,CALZADA GONZALEZ RICARDO,CERRO DE BOLIVAR. ,210,,LOMAS DE SN. LUIS 4a. SECC.,,MEXICO.,SAN LUIS POTOSI.,S.L.P.,Ricardo Calzada Gonzalez.,044 44 42 02 69 08,ger_calzada@hotmail.com,rcalzada_go@hotmail.com,444 825 40 34,444 825 01 23,,0
149,"SERVICIOS ECOLOGICOS Y RECICLADOS, S. DE R.L. M.I. ",CALLE CERRO BLANCO.,137,,GRANJAS ESMERALDA.,,MEXICO.,CHIHUAHUA.,HIDALGO DEL PARRAL.,Ing. Sergio Morales.,,serecol@serviciosecologicosyreciclados.com,abraham-g-p@hotmail.com,01 627 525 3848,01 627 525 4001 ,,0
150,"RESIDUOS INDUSTRIALES MULTIQUIM, S.A. DE C.V.",CAMINO A SAN JOSÉ DE GRACIA CARR SILAO-ROMITA KM 2.5 ,S/N,,FRACC. SAN BARTOLO,,MEXICO.,GUANAJUATO.,SILAO.,Primo Martínez Martínez.,477 700 16 45,primo.martinez@veolia.com,galo-marcel.guerrero@veolia.com,472 722 50 33  ,,,0
151,"SOLUCIONES Y TRATAMIENTO ECOLOGICOS, S.A.P.I. DE  C.V.",CALLE TRES. ,47,,INDUSTRIAL NAUCALPAN DE JUÁREZ.,,MEXICO.,CDMX.,NAUCALPAN DE JUAREZ.,Miguel Ricardo Mellado Rojas.,812 621 41 43,mmellado@sytesa.com.mx,logistica@sytesa.com.mx,01 800 0502020,,D:\Practicante\Desktop\Imagenes Contratos\151_Logo.jpg,0
152,"GRUPO CONSTRUCTOR AQUILES, S.A. DE C.V.",CALLE CIRCUITO CUMBRES VERDES.,121,,RESIDENCIAL CUMBRES.,,MEXICO.,SAN LUIS POTOSI.,S.L.P.,Ing. Luis Daniel Falcon Sanchez.,,direccion@gcaquiles.com,facturacion@gcaquiles.com,444 841 44 80,444 166 37 36,D:\Practicante\Desktop\Imagenes Contratos\152_Logo.jpg,0
153,ZARATE LUPERCIO ALEJANDRO ,CALLE PASEO DE LOS AGAPANDOS.,207,,PARQUES DE LA CAÑADA.,,MEXICO.,COAHUILA.,SALTILLO.,Ing. Alejandro Zarate Lupercio.,844 419 05 87,alejandro.zarate@gaiac.com.mx,erika0281@gmail.com,01 844 111 99 13,,,0
